"","x"
"Cell1","2"
"Cell2","6"
"Cell3","1"
"Cell4","1"
"Cell5","8"
"Cell6","3"
"Cell7","2"
"Cell8","3"
"Cell9","1"
"Cell10","1"
"Cell11","5"
"Cell12","8"
"Cell13","1"
"Cell14","1"
"Cell15","2"
"Cell16","4"
"Cell17","2"
"Cell18","1"
"Cell19","1"
"Cell20","5"
"Cell21","3"
"Cell22","1"
"Cell23","2"
"Cell24","10"
"Cell25","1"
"Cell26","7"
"Cell27","1"
"Cell28","2"
"Cell29","5"
"Cell30","1"
"Cell31","7"
"Cell32","8"
"Cell33","5"
"Cell34","6"
"Cell35","4"
"Cell36","2"
"Cell37","9"
"Cell38","3"
"Cell39","3"
"Cell40","3"
"Cell41","1"
"Cell42","5"
"Cell43","2"
"Cell44","1"
"Cell45","1"
"Cell46","2"
"Cell47","4"
"Cell48","1"
"Cell49","2"
"Cell50","3"
"Cell51","2"
"Cell52","10"
"Cell53","1"
"Cell54","1"
"Cell55","10"
"Cell56","1"
"Cell57","4"
"Cell58","8"
"Cell59","5"
"Cell60","2"
"Cell61","2"
"Cell62","1"
"Cell63","1"
"Cell64","10"
"Cell65","5"
"Cell66","10"
"Cell67","2"
"Cell68","4"
"Cell69","1"
"Cell70","1"
"Cell71","5"
"Cell72","6"
"Cell73","1"
"Cell74","2"
"Cell75","4"
"Cell76","5"
"Cell77","2"
"Cell78","4"
"Cell79","8"
"Cell80","2"
"Cell81","1"
"Cell82","1"
"Cell83","1"
"Cell84","4"
"Cell85","2"
"Cell86","4"
"Cell87","1"
"Cell88","8"
"Cell89","7"
"Cell90","4"
"Cell91","1"
"Cell92","10"
"Cell93","1"
"Cell94","4"
"Cell95","3"
"Cell96","1"
"Cell97","1"
"Cell98","2"
"Cell99","7"
"Cell100","1"
"Cell101","3"
"Cell102","5"
"Cell103","5"
"Cell104","1"
"Cell105","1"
"Cell106","4"
"Cell107","1"
"Cell108","5"
"Cell109","5"
"Cell110","3"
"Cell111","2"
"Cell112","7"
"Cell113","1"
"Cell114","3"
"Cell115","7"
"Cell116","1"
"Cell117","7"
"Cell118","3"
"Cell119","4"
"Cell120","1"
"Cell121","1"
"Cell122","3"
"Cell123","3"
"Cell124","4"
"Cell125","2"
"Cell126","3"
"Cell127","8"
"Cell128","4"
"Cell129","6"
"Cell130","1"
"Cell131","4"
"Cell132","3"
"Cell133","1"
"Cell134","6"
"Cell135","2"
"Cell136","1"
"Cell137","5"
"Cell138","8"
"Cell139","7"
"Cell140","5"
"Cell141","1"
"Cell142","2"
"Cell143","2"
"Cell144","2"
"Cell145","1"
"Cell146","1"
"Cell147","2"
"Cell148","5"
"Cell149","5"
"Cell150","2"
"Cell151","3"
"Cell152","3"
"Cell153","1"
"Cell154","3"
"Cell155","2"
"Cell156","2"
"Cell157","6"
"Cell158","8"
"Cell159","5"
"Cell160","1"
"Cell161","1"
"Cell162","3"
"Cell163","4"
"Cell164","2"
"Cell165","1"
"Cell166","3"
"Cell167","1"
"Cell168","7"
"Cell169","1"
"Cell170","6"
"Cell171","6"
"Cell172","4"
"Cell173","7"
"Cell174","3"
"Cell175","1"
"Cell176","2"
"Cell177","5"
"Cell178","7"
"Cell179","3"
"Cell180","2"
"Cell181","5"
"Cell182","7"
"Cell183","5"
"Cell184","3"
"Cell185","7"
"Cell186","3"
"Cell187","3"
"Cell188","2"
"Cell189","2"
"Cell190","6"
"Cell191","5"
"Cell192","2"
"Cell193","3"
"Cell194","1"
"Cell195","1"
"Cell196","2"
"Cell197","9"
"Cell198","2"
"Cell199","2"
"Cell200","1"
"Cell201","5"
"Cell202","10"
"Cell203","7"
"Cell204","1"
"Cell205","6"
"Cell206","1"
"Cell207","4"
"Cell208","4"
"Cell209","1"
"Cell210","4"
"Cell211","4"
"Cell212","2"
"Cell213","4"
"Cell214","3"
"Cell215","4"
"Cell216","1"
"Cell217","1"
"Cell218","5"
"Cell219","2"
"Cell220","2"
"Cell221","1"
"Cell222","2"
"Cell223","1"
"Cell224","7"
"Cell225","7"
"Cell226","1"
"Cell227","1"
"Cell228","4"
"Cell229","5"
"Cell230","1"
"Cell231","1"
"Cell232","4"
"Cell233","2"
"Cell234","2"
"Cell235","1"
"Cell236","1"
"Cell237","4"
"Cell238","3"
"Cell239","1"
"Cell240","1"
"Cell241","9"
"Cell242","1"
"Cell243","3"
"Cell244","2"
"Cell245","1"
"Cell246","4"
"Cell247","2"
"Cell248","7"
"Cell249","1"
"Cell250","4"
"Cell251","2"
"Cell252","5"
"Cell253","1"
"Cell254","1"
"Cell255","1"
"Cell256","2"
"Cell257","1"
"Cell258","5"
"Cell259","1"
"Cell260","3"
"Cell261","5"
"Cell262","6"
"Cell263","6"
"Cell264","3"
"Cell265","4"
"Cell266","5"
"Cell267","1"
"Cell268","3"
"Cell269","3"
"Cell270","3"
"Cell271","5"
"Cell272","2"
"Cell273","2"
"Cell274","1"
"Cell275","2"
"Cell276","4"
"Cell277","1"
"Cell278","1"
"Cell279","4"
"Cell280","3"
"Cell281","10"
"Cell282","1"
"Cell283","5"
"Cell284","9"
"Cell285","8"
"Cell286","3"
"Cell287","7"
"Cell288","1"
"Cell289","2"
"Cell290","3"
"Cell291","3"
"Cell292","4"
"Cell293","1"
"Cell294","6"
"Cell295","4"
"Cell296","1"
"Cell297","1"
"Cell298","5"
"Cell299","3"
"Cell300","2"
"Cell301","1"
"Cell302","10"
"Cell303","2"
"Cell304","6"
"Cell305","1"
"Cell306","3"
"Cell307","3"
"Cell308","7"
"Cell309","1"
"Cell310","5"
"Cell311","3"
"Cell312","4"
"Cell313","4"
"Cell314","1"
"Cell315","1"
"Cell316","1"
"Cell317","1"
"Cell318","3"
"Cell319","1"
"Cell320","2"
"Cell321","5"
"Cell322","9"
"Cell323","1"
"Cell324","2"
"Cell325","4"
"Cell326","3"
"Cell327","7"
"Cell328","3"
"Cell329","5"
"Cell330","4"
"Cell331","2"
"Cell332","8"
"Cell333","6"
"Cell334","3"
"Cell335","2"
"Cell336","1"
"Cell337","1"
"Cell338","7"
"Cell339","4"
"Cell340","9"
"Cell341","1"
"Cell342","2"
"Cell343","8"
"Cell344","1"
"Cell345","3"
"Cell346","1"
"Cell347","5"
"Cell348","3"
"Cell349","4"
"Cell350","8"
"Cell351","4"
"Cell352","3"
"Cell353","3"
"Cell354","10"
"Cell355","10"
"Cell356","5"
"Cell357","4"
"Cell358","1"
"Cell359","2"
"Cell360","10"
"Cell361","1"
"Cell362","2"
"Cell363","7"
"Cell364","1"
"Cell365","3"
"Cell366","7"
"Cell367","5"
"Cell368","2"
"Cell369","2"
"Cell370","1"
"Cell371","5"
"Cell372","6"
"Cell373","2"
"Cell374","1"
"Cell375","2"
"Cell376","5"
"Cell377","2"
"Cell378","1"
"Cell379","2"
"Cell380","1"
"Cell381","2"
"Cell382","3"
"Cell383","1"
"Cell384","4"
"Cell385","2"
"Cell386","3"
"Cell387","4"
"Cell388","1"
"Cell389","2"
"Cell390","1"
"Cell391","1"
"Cell392","2"
"Cell393","1"
"Cell394","3"
"Cell395","5"
"Cell396","1"
"Cell397","5"
"Cell398","6"
"Cell399","4"
"Cell400","1"
"Cell401","2"
"Cell402","1"
"Cell403","5"
"Cell404","3"
"Cell405","3"
"Cell406","2"
"Cell407","2"
"Cell408","5"
"Cell409","2"
"Cell410","2"
"Cell411","2"
"Cell412","1"
"Cell413","1"
"Cell414","1"
"Cell415","2"
"Cell416","3"
"Cell417","1"
"Cell418","2"
"Cell419","3"
"Cell420","1"
"Cell421","9"
"Cell422","8"
"Cell423","4"
"Cell424","1"
"Cell425","1"
"Cell426","7"
"Cell427","8"
"Cell428","3"
"Cell429","1"
"Cell430","4"
"Cell431","1"
"Cell432","2"
"Cell433","3"
"Cell434","4"
"Cell435","5"
"Cell436","4"
"Cell437","2"
"Cell438","2"
"Cell439","2"
"Cell440","2"
"Cell441","1"
"Cell442","1"
"Cell443","3"
"Cell444","2"
"Cell445","1"
"Cell446","2"
"Cell447","6"
"Cell448","1"
"Cell449","5"
"Cell450","7"
"Cell451","3"
"Cell452","1"
"Cell453","7"
"Cell454","4"
"Cell455","2"
"Cell456","1"
"Cell457","4"
"Cell458","4"
"Cell459","5"
"Cell460","3"
"Cell461","1"
"Cell462","1"
"Cell463","1"
"Cell464","4"
"Cell465","3"
"Cell466","5"
"Cell467","2"
"Cell468","10"
"Cell469","1"
"Cell470","3"
"Cell471","4"
"Cell472","1"
"Cell473","1"
"Cell474","2"
"Cell475","1"
"Cell476","3"
"Cell477","4"
"Cell478","4"
"Cell479","4"
"Cell480","3"
"Cell481","2"
"Cell482","1"
"Cell483","1"
"Cell484","6"
"Cell485","1"
"Cell486","5"
"Cell487","2"
"Cell488","2"
"Cell489","1"
"Cell490","1"
"Cell491","1"
"Cell492","6"
"Cell493","1"
"Cell494","3"
"Cell495","4"
"Cell496","3"
"Cell497","3"
"Cell498","2"
"Cell499","1"
"Cell500","5"
"Cell501","2"
"Cell502","3"
"Cell503","5"
"Cell504","2"
"Cell505","9"
"Cell506","9"
"Cell507","1"
"Cell508","7"
"Cell509","9"
"Cell510","8"
"Cell511","3"
"Cell512","9"
"Cell513","4"
"Cell514","1"
"Cell515","1"
"Cell516","6"
"Cell517","6"
"Cell518","1"
"Cell519","6"
"Cell520","7"
"Cell521","2"
"Cell522","9"
"Cell523","1"
"Cell524","4"
"Cell525","3"
"Cell526","2"
"Cell527","4"
"Cell528","5"
"Cell529","5"
"Cell530","7"
"Cell531","1"
"Cell532","3"
"Cell533","2"
"Cell534","2"
"Cell535","2"
"Cell536","2"
"Cell537","2"
"Cell538","1"
"Cell539","5"
"Cell540","1"
"Cell541","4"
"Cell542","2"
"Cell543","6"
"Cell544","3"
"Cell545","2"
"Cell546","2"
"Cell547","4"
"Cell548","8"
"Cell549","1"
"Cell550","3"
"Cell551","2"
"Cell552","4"
"Cell553","8"
"Cell554","2"
"Cell555","7"
"Cell556","1"
"Cell557","3"
"Cell558","1"
"Cell559","9"
"Cell560","1"
"Cell561","1"
"Cell562","1"
"Cell563","2"
"Cell564","2"
"Cell565","5"
"Cell566","8"
"Cell567","1"
"Cell568","1"
"Cell569","1"
"Cell570","2"
"Cell571","1"
"Cell572","5"
"Cell573","2"
"Cell574","8"
"Cell575","4"
"Cell576","1"
"Cell577","1"
"Cell578","2"
"Cell579","2"
"Cell580","2"
"Cell581","1"
"Cell582","3"
"Cell583","2"
"Cell584","9"
"Cell585","2"
"Cell586","1"
"Cell587","1"
"Cell588","2"
"Cell589","7"
"Cell590","2"
"Cell591","1"
"Cell592","4"
"Cell593","6"
"Cell594","2"
"Cell595","6"
"Cell596","3"
"Cell597","1"
"Cell598","8"
"Cell599","2"
"Cell600","1"
"Cell601","1"
"Cell602","4"
"Cell603","3"
"Cell604","4"
"Cell605","5"
"Cell606","1"
"Cell607","1"
"Cell608","2"
"Cell609","3"
"Cell610","3"
"Cell611","4"
"Cell612","1"
"Cell613","2"
"Cell614","2"
"Cell615","10"
"Cell616","1"
"Cell617","6"
"Cell618","4"
"Cell619","2"
"Cell620","7"
"Cell621","1"
"Cell622","1"
"Cell623","2"
"Cell624","1"
"Cell625","1"
"Cell626","6"
"Cell627","5"
"Cell628","1"
"Cell629","2"
"Cell630","4"
"Cell631","5"
"Cell632","5"
"Cell633","2"
"Cell634","3"
"Cell635","4"
"Cell636","1"
"Cell637","2"
"Cell638","6"
"Cell639","2"
"Cell640","4"
"Cell641","1"
"Cell642","4"
"Cell643","4"
"Cell644","1"
"Cell645","3"
"Cell646","2"
"Cell647","4"
"Cell648","8"
"Cell649","1"
"Cell650","3"
"Cell651","6"
"Cell652","3"
"Cell653","5"
"Cell654","1"
"Cell655","4"
"Cell656","1"
"Cell657","1"
"Cell658","2"
"Cell659","3"
"Cell660","1"
"Cell661","1"
"Cell662","4"
"Cell663","3"
"Cell664","5"
"Cell665","2"
"Cell666","2"
"Cell667","2"
"Cell668","2"
"Cell669","7"
"Cell670","3"
"Cell671","2"
"Cell672","9"
"Cell673","6"
"Cell674","1"
"Cell675","2"
"Cell676","5"
"Cell677","5"
"Cell678","2"
"Cell679","1"
"Cell680","1"
"Cell681","4"
"Cell682","7"
"Cell683","2"
"Cell684","2"
"Cell685","4"
"Cell686","5"
"Cell687","7"
"Cell688","5"
"Cell689","1"
"Cell690","4"
"Cell691","5"
"Cell692","5"
"Cell693","2"
"Cell694","4"
"Cell695","3"
"Cell696","5"
"Cell697","6"
"Cell698","2"
"Cell699","1"
"Cell700","7"
"Cell701","7"
"Cell702","2"
"Cell703","1"
"Cell704","1"
"Cell705","2"
"Cell706","3"
"Cell707","3"
"Cell708","2"
"Cell709","5"
"Cell710","1"
"Cell711","4"
"Cell712","2"
"Cell713","4"
"Cell714","3"
"Cell715","5"
"Cell716","1"
"Cell717","1"
"Cell718","4"
"Cell719","8"
"Cell720","10"
"Cell721","2"
"Cell722","2"
"Cell723","1"
"Cell724","1"
"Cell725","6"
"Cell726","4"
"Cell727","1"
"Cell728","10"
"Cell729","7"
"Cell730","5"
"Cell731","5"
"Cell732","1"
"Cell733","9"
"Cell734","3"
"Cell735","4"
"Cell736","9"
"Cell737","2"
"Cell738","2"
"Cell739","2"
"Cell740","2"
"Cell741","2"
"Cell742","1"
"Cell743","5"
"Cell744","5"
"Cell745","5"
"Cell746","2"
"Cell747","3"
"Cell748","5"
"Cell749","5"
"Cell750","3"
"Cell751","5"
"Cell752","4"
"Cell753","3"
"Cell754","1"
"Cell755","1"
"Cell756","1"
"Cell757","2"
"Cell758","6"
"Cell759","2"
"Cell760","1"
"Cell761","5"
"Cell762","9"
"Cell763","4"
"Cell764","3"
"Cell765","4"
"Cell766","6"
"Cell767","3"
"Cell768","3"
"Cell769","3"
"Cell770","2"
"Cell771","5"
"Cell772","1"
"Cell773","6"
"Cell774","1"
"Cell775","2"
"Cell776","2"
"Cell777","3"
"Cell778","5"
"Cell779","9"
"Cell780","4"
"Cell781","2"
"Cell782","4"
"Cell783","4"
"Cell784","4"
"Cell785","4"
"Cell786","6"
"Cell787","4"
"Cell788","8"
"Cell789","4"
"Cell790","3"
"Cell791","4"
"Cell792","1"
"Cell793","2"
"Cell794","4"
"Cell795","1"
"Cell796","3"
"Cell797","1"
"Cell798","2"
"Cell799","3"
"Cell800","3"
"Cell801","6"
"Cell802","1"
"Cell803","3"
"Cell804","2"
"Cell805","1"
"Cell806","1"
"Cell807","1"
"Cell808","4"
"Cell809","1"
"Cell810","5"
"Cell811","1"
"Cell812","4"
"Cell813","1"
"Cell814","1"
"Cell815","1"
"Cell816","6"
"Cell817","4"
"Cell818","2"
"Cell819","2"
"Cell820","2"
"Cell821","6"
"Cell822","3"
"Cell823","1"
"Cell824","2"
"Cell825","3"
"Cell826","3"
"Cell827","2"
"Cell828","4"
"Cell829","2"
"Cell830","6"
"Cell831","1"
"Cell832","2"
"Cell833","3"
"Cell834","2"
"Cell835","3"
"Cell836","2"
"Cell837","1"
"Cell838","4"
"Cell839","1"
"Cell840","1"
"Cell841","6"
"Cell842","2"
"Cell843","7"
"Cell844","5"
"Cell845","2"
"Cell846","1"
"Cell847","4"
"Cell848","1"
"Cell849","3"
"Cell850","6"
"Cell851","2"
"Cell852","2"
"Cell853","2"
"Cell854","7"
"Cell855","1"
"Cell856","1"
"Cell857","1"
"Cell858","5"
"Cell859","3"
"Cell860","7"
"Cell861","1"
"Cell862","1"
"Cell863","7"
"Cell864","3"
"Cell865","2"
"Cell866","1"
"Cell867","2"
"Cell868","8"
"Cell869","1"
"Cell870","3"
"Cell871","4"
"Cell872","6"
"Cell873","5"
"Cell874","3"
"Cell875","1"
"Cell876","1"
"Cell877","3"
"Cell878","8"
"Cell879","1"
"Cell880","2"
"Cell881","3"
"Cell882","2"
"Cell883","1"
"Cell884","3"
"Cell885","1"
"Cell886","3"
"Cell887","3"
"Cell888","2"
"Cell889","3"
"Cell890","1"
"Cell891","3"
"Cell892","5"
"Cell893","2"
"Cell894","1"
"Cell895","3"
"Cell896","1"
"Cell897","1"
"Cell898","1"
"Cell899","4"
"Cell900","4"
"Cell901","3"
"Cell902","4"
"Cell903","2"
"Cell904","5"
"Cell905","5"
"Cell906","1"
"Cell907","3"
"Cell908","2"
"Cell909","5"
"Cell910","2"
"Cell911","1"
"Cell912","4"
"Cell913","2"
"Cell914","4"
"Cell915","2"
"Cell916","7"
"Cell917","1"
"Cell918","2"
"Cell919","3"
"Cell920","1"
"Cell921","3"
"Cell922","2"
"Cell923","1"
"Cell924","6"
"Cell925","2"
"Cell926","1"
"Cell927","4"
"Cell928","1"
"Cell929","3"
"Cell930","2"
"Cell931","2"
"Cell932","7"
"Cell933","9"
"Cell934","2"
"Cell935","3"
"Cell936","2"
"Cell937","1"
"Cell938","2"
"Cell939","5"
"Cell940","7"
"Cell941","4"
"Cell942","3"
"Cell943","4"
"Cell944","4"
"Cell945","1"
"Cell946","2"
"Cell947","1"
"Cell948","2"
"Cell949","1"
"Cell950","3"
"Cell951","6"
"Cell952","1"
"Cell953","2"
"Cell954","1"
"Cell955","1"
"Cell956","10"
"Cell957","6"
"Cell958","3"
"Cell959","7"
"Cell960","5"
"Cell961","1"
"Cell962","2"
"Cell963","3"
"Cell964","4"
"Cell965","4"
"Cell966","2"
"Cell967","2"
"Cell968","6"
"Cell969","2"
"Cell970","1"
"Cell971","2"
"Cell972","1"
"Cell973","2"
"Cell974","5"
"Cell975","2"
"Cell976","7"
"Cell977","5"
"Cell978","4"
"Cell979","1"
"Cell980","1"
"Cell981","10"
"Cell982","7"
"Cell983","8"
"Cell984","1"
"Cell985","1"
"Cell986","1"
"Cell987","5"
"Cell988","1"
"Cell989","5"
"Cell990","3"
"Cell991","9"
"Cell992","5"
"Cell993","1"
"Cell994","4"
"Cell995","4"
"Cell996","2"
"Cell997","7"
"Cell998","2"
"Cell999","1"
"Cell1000","6"
"Cell1001","5"
"Cell1002","5"
"Cell1003","4"
"Cell1004","1"
"Cell1005","9"
"Cell1006","1"
"Cell1007","1"
"Cell1008","1"
"Cell1009","1"
"Cell1010","2"
"Cell1011","1"
"Cell1012","1"
"Cell1013","2"
"Cell1014","1"
"Cell1015","8"
"Cell1016","3"
"Cell1017","1"
"Cell1018","5"
"Cell1019","8"
"Cell1020","5"
"Cell1021","4"
"Cell1022","3"
"Cell1023","1"
"Cell1024","1"
"Cell1025","3"
"Cell1026","3"
"Cell1027","4"
"Cell1028","9"
"Cell1029","1"
"Cell1030","2"
"Cell1031","2"
"Cell1032","3"
"Cell1033","8"
"Cell1034","2"
"Cell1035","2"
"Cell1036","4"
"Cell1037","1"
"Cell1038","3"
"Cell1039","1"
"Cell1040","1"
"Cell1041","2"
"Cell1042","3"
"Cell1043","6"
"Cell1044","5"
"Cell1045","5"
"Cell1046","1"
"Cell1047","4"
"Cell1048","1"
"Cell1049","2"
"Cell1050","2"
"Cell1051","1"
"Cell1052","1"
"Cell1053","1"
"Cell1054","2"
"Cell1055","8"
"Cell1056","2"
"Cell1057","2"
"Cell1058","1"
"Cell1059","2"
"Cell1060","4"
"Cell1061","5"
"Cell1062","1"
"Cell1063","3"
"Cell1064","4"
"Cell1065","1"
"Cell1066","3"
"Cell1067","1"
"Cell1068","3"
"Cell1069","1"
"Cell1070","3"
"Cell1071","3"
"Cell1072","10"
"Cell1073","1"
"Cell1074","1"
"Cell1075","6"
"Cell1076","4"
"Cell1077","1"
"Cell1078","1"
"Cell1079","3"
"Cell1080","1"
"Cell1081","2"
"Cell1082","1"
"Cell1083","2"
"Cell1084","5"
"Cell1085","6"
"Cell1086","3"
"Cell1087","5"
"Cell1088","3"
"Cell1089","1"
"Cell1090","3"
"Cell1091","1"
"Cell1092","1"
"Cell1093","2"
"Cell1094","6"
"Cell1095","4"
"Cell1096","2"
"Cell1097","3"
"Cell1098","3"
"Cell1099","5"
"Cell1100","7"
"Cell1101","4"
"Cell1102","4"
"Cell1103","1"
"Cell1104","3"
"Cell1105","1"
"Cell1106","7"
"Cell1107","1"
"Cell1108","7"
"Cell1109","2"
"Cell1110","4"
"Cell1111","3"
"Cell1112","3"
"Cell1113","6"
"Cell1114","5"
"Cell1115","3"
"Cell1116","2"
"Cell1117","4"
"Cell1118","9"
"Cell1119","3"
"Cell1120","5"
"Cell1121","2"
"Cell1122","1"
"Cell1123","1"
"Cell1124","6"
"Cell1125","4"
"Cell1126","6"
"Cell1127","3"
"Cell1128","3"
"Cell1129","1"
"Cell1130","5"
"Cell1131","6"
"Cell1132","5"
"Cell1133","8"
"Cell1134","1"
"Cell1135","4"
"Cell1136","1"
"Cell1137","9"
"Cell1138","8"
"Cell1139","3"
"Cell1140","6"
"Cell1141","6"
"Cell1142","5"
"Cell1143","3"
"Cell1144","3"
"Cell1145","3"
"Cell1146","4"
"Cell1147","3"
"Cell1148","2"
"Cell1149","1"
"Cell1150","4"
"Cell1151","3"
"Cell1152","3"
"Cell1153","5"
"Cell1154","6"
"Cell1155","1"
"Cell1156","1"
"Cell1157","1"
"Cell1158","1"
"Cell1159","5"
"Cell1160","5"
"Cell1161","2"
"Cell1162","1"
"Cell1163","4"
"Cell1164","3"
"Cell1165","1"
"Cell1166","1"
"Cell1167","2"
"Cell1168","9"
"Cell1169","3"
"Cell1170","1"
"Cell1171","1"
"Cell1172","1"
"Cell1173","7"
"Cell1174","5"
"Cell1175","2"
"Cell1176","3"
"Cell1177","9"
"Cell1178","1"
"Cell1179","2"
"Cell1180","1"
"Cell1181","1"
"Cell1182","3"
"Cell1183","2"
"Cell1184","7"
"Cell1185","2"
"Cell1186","1"
"Cell1187","1"
"Cell1188","1"
"Cell1189","1"
"Cell1190","5"
"Cell1191","2"
"Cell1192","4"
"Cell1193","1"
"Cell1194","4"
"Cell1195","2"
"Cell1196","1"
"Cell1197","2"
"Cell1198","4"
"Cell1199","7"
"Cell1200","7"
"Cell1201","2"
"Cell1202","2"
"Cell1203","2"
"Cell1204","3"
"Cell1205","6"
"Cell1206","5"
"Cell1207","6"
"Cell1208","3"
"Cell1209","2"
"Cell1210","9"
"Cell1211","6"
"Cell1212","1"
"Cell1213","3"
"Cell1214","1"
"Cell1215","1"
"Cell1216","4"
"Cell1217","5"
"Cell1218","7"
"Cell1219","9"
"Cell1220","2"
"Cell1221","3"
"Cell1222","1"
"Cell1223","3"
"Cell1224","7"
"Cell1225","1"
"Cell1226","5"
"Cell1227","3"
"Cell1228","6"
"Cell1229","6"
"Cell1230","4"
"Cell1231","3"
"Cell1232","2"
"Cell1233","6"
"Cell1234","2"
"Cell1235","1"
"Cell1236","1"
"Cell1237","5"
"Cell1238","1"
"Cell1239","6"
"Cell1240","5"
"Cell1241","1"
"Cell1242","3"
"Cell1243","3"
"Cell1244","3"
"Cell1245","7"
"Cell1246","8"
"Cell1247","1"
"Cell1248","3"
"Cell1249","9"
"Cell1250","2"
"Cell1251","6"
"Cell1252","2"
"Cell1253","2"
"Cell1254","5"
"Cell1255","6"
"Cell1256","1"
"Cell1257","9"
"Cell1258","2"
"Cell1259","3"
"Cell1260","4"
"Cell1261","3"
"Cell1262","1"
"Cell1263","1"
"Cell1264","3"
"Cell1265","3"
"Cell1266","4"
"Cell1267","4"
"Cell1268","8"
"Cell1269","4"
"Cell1270","2"
"Cell1271","3"
"Cell1272","5"
"Cell1273","1"
"Cell1274","2"
"Cell1275","1"
"Cell1276","1"
"Cell1277","1"
"Cell1278","3"
"Cell1279","3"
"Cell1280","4"
"Cell1281","6"
"Cell1282","2"
"Cell1283","8"
"Cell1284","8"
"Cell1285","2"
"Cell1286","1"
"Cell1287","6"
"Cell1288","1"
"Cell1289","1"
"Cell1290","7"
"Cell1291","3"
"Cell1292","2"
"Cell1293","1"
"Cell1294","2"
"Cell1295","8"
"Cell1296","2"
"Cell1297","2"
"Cell1298","3"
"Cell1299","10"
"Cell1300","7"
"Cell1301","3"
"Cell1302","2"
"Cell1303","2"
"Cell1304","2"
"Cell1305","1"
"Cell1306","1"
"Cell1307","5"
"Cell1308","5"
"Cell1309","5"
"Cell1310","4"
"Cell1311","1"
"Cell1312","1"
"Cell1313","3"
"Cell1314","4"
"Cell1315","1"
"Cell1316","2"
"Cell1317","2"
"Cell1318","8"
"Cell1319","2"
"Cell1320","5"
"Cell1321","1"
"Cell1322","2"
"Cell1323","1"
"Cell1324","3"
"Cell1325","1"
"Cell1326","3"
"Cell1327","6"
"Cell1328","4"
"Cell1329","1"
"Cell1330","4"
"Cell1331","4"
"Cell1332","5"
"Cell1333","3"
"Cell1334","3"
"Cell1335","1"
"Cell1336","1"
"Cell1337","6"
"Cell1338","3"
"Cell1339","1"
"Cell1340","6"
"Cell1341","3"
"Cell1342","2"
"Cell1343","5"
"Cell1344","3"
"Cell1345","2"
"Cell1346","2"
"Cell1347","8"
"Cell1348","1"
"Cell1349","1"
"Cell1350","1"
"Cell1351","3"
"Cell1352","2"
"Cell1353","2"
"Cell1354","1"
"Cell1355","3"
"Cell1356","6"
"Cell1357","2"
"Cell1358","4"
"Cell1359","5"
"Cell1360","1"
"Cell1361","3"
"Cell1362","4"
"Cell1363","1"
"Cell1364","3"
"Cell1365","5"
"Cell1366","1"
"Cell1367","1"
"Cell1368","3"
"Cell1369","5"
"Cell1370","1"
"Cell1371","1"
"Cell1372","2"
"Cell1373","2"
"Cell1374","7"
"Cell1375","3"
"Cell1376","1"
"Cell1377","1"
"Cell1378","1"
"Cell1379","7"
"Cell1380","1"
"Cell1381","9"
"Cell1382","2"
"Cell1383","1"
"Cell1384","5"
"Cell1385","2"
"Cell1386","3"
"Cell1387","1"
"Cell1388","2"
"Cell1389","3"
"Cell1390","5"
"Cell1391","6"
"Cell1392","1"
"Cell1393","1"
"Cell1394","1"
"Cell1395","3"
"Cell1396","2"
"Cell1397","2"
"Cell1398","7"
"Cell1399","3"
"Cell1400","2"
"Cell1401","4"
"Cell1402","1"
"Cell1403","2"
"Cell1404","1"
"Cell1405","5"
"Cell1406","1"
"Cell1407","2"
"Cell1408","2"
"Cell1409","5"
"Cell1410","7"
"Cell1411","3"
"Cell1412","2"
"Cell1413","1"
"Cell1414","2"
"Cell1415","3"
"Cell1416","2"
"Cell1417","4"
"Cell1418","1"
"Cell1419","5"
"Cell1420","1"
"Cell1421","3"
"Cell1422","1"
"Cell1423","1"
"Cell1424","1"
"Cell1425","2"
"Cell1426","3"
"Cell1427","3"
"Cell1428","3"
"Cell1429","2"
"Cell1430","1"
"Cell1431","5"
"Cell1432","3"
"Cell1433","6"
"Cell1434","5"
"Cell1435","2"
"Cell1436","5"
"Cell1437","3"
"Cell1438","2"
"Cell1439","7"
"Cell1440","3"
"Cell1441","4"
"Cell1442","1"
"Cell1443","7"
"Cell1444","6"
"Cell1445","5"
"Cell1446","1"
"Cell1447","5"
"Cell1448","1"
"Cell1449","5"
"Cell1450","1"
"Cell1451","1"
"Cell1452","3"
"Cell1453","3"
"Cell1454","8"
"Cell1455","1"
"Cell1456","5"
"Cell1457","5"
"Cell1458","2"
"Cell1459","1"
"Cell1460","4"
"Cell1461","4"
"Cell1462","3"
"Cell1463","2"
"Cell1464","1"
"Cell1465","5"
"Cell1466","3"
"Cell1467","1"
"Cell1468","2"
"Cell1469","4"
"Cell1470","3"
"Cell1471","1"
"Cell1472","1"
"Cell1473","1"
"Cell1474","3"
"Cell1475","3"
"Cell1476","2"
"Cell1477","1"
"Cell1478","1"
"Cell1479","1"
"Cell1480","4"
"Cell1481","5"
"Cell1482","9"
"Cell1483","4"
"Cell1484","5"
"Cell1485","7"
"Cell1486","1"
"Cell1487","6"
"Cell1488","5"
"Cell1489","2"
"Cell1490","2"
"Cell1491","2"
"Cell1492","2"
"Cell1493","4"
"Cell1494","1"
"Cell1495","3"
"Cell1496","3"
"Cell1497","7"
"Cell1498","8"
"Cell1499","1"
"Cell1500","1"
"Cell1501","1"
"Cell1502","3"
"Cell1503","4"
"Cell1504","1"
"Cell1505","3"
"Cell1506","7"
"Cell1507","5"
"Cell1508","4"
"Cell1509","6"
"Cell1510","6"
"Cell1511","5"
"Cell1512","2"
"Cell1513","4"
"Cell1514","1"
"Cell1515","1"
"Cell1516","5"
"Cell1517","4"
"Cell1518","5"
"Cell1519","2"
"Cell1520","1"
"Cell1521","1"
"Cell1522","5"
"Cell1523","1"
"Cell1524","1"
"Cell1525","9"
"Cell1526","4"
"Cell1527","6"
"Cell1528","4"
"Cell1529","4"
"Cell1530","4"
"Cell1531","3"
"Cell1532","5"
"Cell1533","1"
"Cell1534","4"
"Cell1535","5"
"Cell1536","3"
"Cell1537","1"
"Cell1538","1"
"Cell1539","5"
"Cell1540","2"
"Cell1541","8"
"Cell1542","2"
"Cell1543","5"
"Cell1544","5"
"Cell1545","3"
"Cell1546","7"
"Cell1547","3"
"Cell1548","1"
"Cell1549","1"
"Cell1550","4"
"Cell1551","6"
"Cell1552","1"
"Cell1553","4"
"Cell1554","1"
"Cell1555","2"
"Cell1556","9"
"Cell1557","1"
"Cell1558","3"
"Cell1559","4"
"Cell1560","8"
"Cell1561","5"
"Cell1562","4"
"Cell1563","1"
"Cell1564","2"
"Cell1565","4"
"Cell1566","5"
"Cell1567","9"
"Cell1568","8"
"Cell1569","2"
"Cell1570","2"
"Cell1571","4"
"Cell1572","5"
"Cell1573","3"
"Cell1574","1"
"Cell1575","2"
"Cell1576","5"
"Cell1577","5"
"Cell1578","4"
"Cell1579","7"
"Cell1580","9"
"Cell1581","4"
"Cell1582","2"
"Cell1583","8"
"Cell1584","2"
"Cell1585","7"
"Cell1586","2"
"Cell1587","3"
"Cell1588","3"
"Cell1589","2"
"Cell1590","1"
"Cell1591","2"
"Cell1592","2"
"Cell1593","2"
"Cell1594","1"
"Cell1595","4"
"Cell1596","1"
"Cell1597","2"
"Cell1598","1"
"Cell1599","2"
"Cell1600","2"
"Cell1601","3"
"Cell1602","2"
"Cell1603","1"
"Cell1604","3"
"Cell1605","1"
"Cell1606","1"
"Cell1607","1"
"Cell1608","2"
"Cell1609","1"
"Cell1610","3"
"Cell1611","2"
"Cell1612","5"
"Cell1613","2"
"Cell1614","1"
"Cell1615","8"
"Cell1616","5"
"Cell1617","3"
"Cell1618","4"
"Cell1619","2"
"Cell1620","1"
"Cell1621","9"
"Cell1622","1"
"Cell1623","2"
"Cell1624","5"
"Cell1625","5"
"Cell1626","1"
"Cell1627","1"
"Cell1628","4"
"Cell1629","1"
"Cell1630","3"
"Cell1631","9"
"Cell1632","1"
"Cell1633","1"
"Cell1634","3"
"Cell1635","4"
"Cell1636","1"
"Cell1637","6"
"Cell1638","2"
"Cell1639","2"
"Cell1640","7"
"Cell1641","1"
"Cell1642","3"
"Cell1643","1"
"Cell1644","2"
"Cell1645","8"
"Cell1646","6"
"Cell1647","2"
"Cell1648","5"
"Cell1649","1"
"Cell1650","4"
"Cell1651","1"
"Cell1652","4"
"Cell1653","2"
"Cell1654","4"
"Cell1655","1"
"Cell1656","3"
"Cell1657","2"
"Cell1658","7"
"Cell1659","5"
"Cell1660","3"
"Cell1661","2"
"Cell1662","1"
"Cell1663","4"
"Cell1664","2"
"Cell1665","2"
"Cell1666","1"
"Cell1667","9"
"Cell1668","6"
"Cell1669","3"
"Cell1670","3"
"Cell1671","2"
"Cell1672","2"
"Cell1673","2"
"Cell1674","1"
"Cell1675","2"
"Cell1676","7"
"Cell1677","1"
"Cell1678","7"
"Cell1679","5"
"Cell1680","1"
"Cell1681","9"
"Cell1682","1"
"Cell1683","1"
"Cell1684","1"
"Cell1685","1"
"Cell1686","2"
"Cell1687","2"
"Cell1688","5"
"Cell1689","3"
"Cell1690","6"
"Cell1691","1"
"Cell1692","3"
"Cell1693","2"
"Cell1694","2"
"Cell1695","2"
"Cell1696","1"
"Cell1697","1"
"Cell1698","8"
"Cell1699","1"
"Cell1700","5"
"Cell1701","4"
"Cell1702","1"
"Cell1703","2"
"Cell1704","1"
"Cell1705","4"
"Cell1706","4"
"Cell1707","5"
"Cell1708","2"
"Cell1709","9"
"Cell1710","10"
"Cell1711","1"
"Cell1712","3"
"Cell1713","3"
"Cell1714","9"
"Cell1715","2"
"Cell1716","1"
"Cell1717","1"
"Cell1718","4"
"Cell1719","9"
"Cell1720","7"
"Cell1721","1"
"Cell1722","6"
"Cell1723","2"
"Cell1724","5"
"Cell1725","1"
"Cell1726","1"
"Cell1727","1"
"Cell1728","1"
"Cell1729","1"
"Cell1730","3"
"Cell1731","5"
"Cell1732","3"
"Cell1733","4"
"Cell1734","3"
"Cell1735","1"
"Cell1736","3"
"Cell1737","1"
"Cell1738","2"
"Cell1739","1"
"Cell1740","10"
"Cell1741","7"
"Cell1742","4"
"Cell1743","7"
"Cell1744","1"
"Cell1745","2"
"Cell1746","5"
"Cell1747","7"
"Cell1748","2"
"Cell1749","1"
"Cell1750","1"
"Cell1751","3"
"Cell1752","1"
"Cell1753","6"
"Cell1754","2"
"Cell1755","9"
"Cell1756","2"
"Cell1757","4"
"Cell1758","7"
"Cell1759","3"
"Cell1760","6"
"Cell1761","1"
"Cell1762","7"
"Cell1763","1"
"Cell1764","9"
"Cell1765","5"
"Cell1766","2"
"Cell1767","5"
"Cell1768","5"
"Cell1769","3"
"Cell1770","1"
"Cell1771","9"
"Cell1772","9"
"Cell1773","1"
"Cell1774","4"
"Cell1775","3"
"Cell1776","1"
"Cell1777","3"
"Cell1778","1"
"Cell1779","1"
"Cell1780","1"
"Cell1781","1"
"Cell1782","1"
"Cell1783","1"
"Cell1784","2"
"Cell1785","1"
"Cell1786","3"
"Cell1787","4"
"Cell1788","3"
"Cell1789","5"
"Cell1790","5"
"Cell1791","2"
"Cell1792","3"
"Cell1793","3"
"Cell1794","1"
"Cell1795","1"
"Cell1796","1"
"Cell1797","5"
"Cell1798","5"
"Cell1799","5"
"Cell1800","4"
"Cell1801","4"
"Cell1802","1"
"Cell1803","6"
"Cell1804","1"
"Cell1805","4"
"Cell1806","4"
"Cell1807","5"
"Cell1808","1"
"Cell1809","1"
"Cell1810","3"
"Cell1811","1"
"Cell1812","1"
"Cell1813","4"
"Cell1814","10"
"Cell1815","1"
"Cell1816","2"
"Cell1817","1"
"Cell1818","1"
"Cell1819","1"
"Cell1820","5"
"Cell1821","3"
"Cell1822","4"
"Cell1823","1"
"Cell1824","4"
"Cell1825","3"
"Cell1826","1"
"Cell1827","6"
"Cell1828","1"
"Cell1829","3"
"Cell1830","1"
"Cell1831","1"
"Cell1832","1"
"Cell1833","1"
"Cell1834","2"
"Cell1835","4"
"Cell1836","2"
"Cell1837","2"
"Cell1838","2"
"Cell1839","1"
"Cell1840","2"
"Cell1841","3"
"Cell1842","2"
"Cell1843","2"
"Cell1844","3"
"Cell1845","1"
"Cell1846","2"
"Cell1847","1"
"Cell1848","2"
"Cell1849","1"
"Cell1850","1"
"Cell1851","2"
"Cell1852","6"
"Cell1853","3"
"Cell1854","5"
"Cell1855","2"
"Cell1856","1"
"Cell1857","1"
"Cell1858","1"
"Cell1859","4"
"Cell1860","2"
"Cell1861","6"
"Cell1862","3"
"Cell1863","2"
"Cell1864","6"
"Cell1865","4"
"Cell1866","1"
"Cell1867","1"
"Cell1868","3"
"Cell1869","2"
"Cell1870","5"
"Cell1871","2"
"Cell1872","4"
"Cell1873","5"
"Cell1874","4"
"Cell1875","1"
"Cell1876","1"
"Cell1877","2"
"Cell1878","2"
"Cell1879","1"
"Cell1880","1"
"Cell1881","7"
"Cell1882","4"
"Cell1883","5"
"Cell1884","6"
"Cell1885","1"
"Cell1886","3"
"Cell1887","5"
"Cell1888","2"
"Cell1889","3"
"Cell1890","6"
"Cell1891","4"
"Cell1892","1"
"Cell1893","6"
"Cell1894","7"
"Cell1895","1"
"Cell1896","1"
"Cell1897","1"
"Cell1898","2"
"Cell1899","1"
"Cell1900","5"
"Cell1901","1"
"Cell1902","1"
"Cell1903","2"
"Cell1904","3"
"Cell1905","1"
"Cell1906","6"
"Cell1907","4"
"Cell1908","2"
"Cell1909","4"
"Cell1910","2"
"Cell1911","1"
"Cell1912","1"
"Cell1913","4"
"Cell1914","7"
"Cell1915","3"
"Cell1916","4"
"Cell1917","3"
"Cell1918","1"
"Cell1919","1"
"Cell1920","1"
"Cell1921","4"
"Cell1922","2"
"Cell1923","3"
"Cell1924","2"
"Cell1925","6"
"Cell1926","3"
"Cell1927","6"
"Cell1928","2"
"Cell1929","3"
"Cell1930","2"
"Cell1931","9"
"Cell1932","1"
"Cell1933","2"
"Cell1934","2"
"Cell1935","2"
"Cell1936","8"
"Cell1937","5"
"Cell1938","1"
"Cell1939","5"
"Cell1940","3"
"Cell1941","1"
"Cell1942","5"
"Cell1943","6"
"Cell1944","4"
"Cell1945","4"
"Cell1946","1"
"Cell1947","1"
"Cell1948","2"
"Cell1949","5"
"Cell1950","3"
"Cell1951","6"
"Cell1952","5"
"Cell1953","2"
"Cell1954","1"
"Cell1955","2"
"Cell1956","1"
"Cell1957","4"
"Cell1958","1"
"Cell1959","7"
"Cell1960","5"
"Cell1961","1"
"Cell1962","5"
"Cell1963","3"
"Cell1964","5"
"Cell1965","3"
"Cell1966","1"
"Cell1967","2"
"Cell1968","3"
"Cell1969","4"
"Cell1970","9"
"Cell1971","2"
"Cell1972","2"
"Cell1973","1"
"Cell1974","1"
"Cell1975","2"
"Cell1976","5"
"Cell1977","2"
"Cell1978","2"
"Cell1979","1"
"Cell1980","2"
"Cell1981","1"
"Cell1982","3"
"Cell1983","2"
"Cell1984","2"
"Cell1985","1"
"Cell1986","1"
"Cell1987","2"
"Cell1988","5"
"Cell1989","1"
"Cell1990","6"
"Cell1991","2"
"Cell1992","7"
"Cell1993","5"
"Cell1994","6"
"Cell1995","1"
"Cell1996","3"
"Cell1997","1"
"Cell1998","5"
"Cell1999","8"
"Cell2000","1"
"Cell2001","8"
"Cell2002","7"
"Cell2003","1"
"Cell2004","6"
"Cell2005","4"
"Cell2006","4"
"Cell2007","3"
"Cell2008","5"
"Cell2009","2"
"Cell2010","1"
"Cell2011","4"
"Cell2012","4"
"Cell2013","1"
"Cell2014","8"
"Cell2015","1"
"Cell2016","2"
"Cell2017","4"
"Cell2018","1"
"Cell2019","3"
"Cell2020","7"
"Cell2021","3"
"Cell2022","4"
"Cell2023","1"
"Cell2024","7"
"Cell2025","1"
"Cell2026","4"
"Cell2027","8"
"Cell2028","1"
"Cell2029","1"
"Cell2030","3"
"Cell2031","4"
"Cell2032","4"
"Cell2033","2"
"Cell2034","1"
"Cell2035","7"
"Cell2036","4"
"Cell2037","3"
"Cell2038","2"
"Cell2039","5"
"Cell2040","3"
"Cell2041","2"
"Cell2042","3"
"Cell2043","1"
"Cell2044","3"
"Cell2045","4"
"Cell2046","6"
"Cell2047","4"
"Cell2048","1"
"Cell2049","4"
"Cell2050","4"
"Cell2051","7"
"Cell2052","4"
"Cell2053","1"
"Cell2054","3"
"Cell2055","2"
"Cell2056","3"
"Cell2057","2"
"Cell2058","5"
"Cell2059","1"
"Cell2060","2"
"Cell2061","3"
"Cell2062","1"
"Cell2063","6"
"Cell2064","2"
"Cell2065","9"
"Cell2066","1"
"Cell2067","3"
"Cell2068","1"
"Cell2069","5"
"Cell2070","5"
"Cell2071","1"
"Cell2072","3"
"Cell2073","4"
"Cell2074","7"
"Cell2075","2"
"Cell2076","1"
"Cell2077","4"
"Cell2078","8"
"Cell2079","1"
"Cell2080","4"
"Cell2081","2"
"Cell2082","6"
"Cell2083","1"
"Cell2084","3"
"Cell2085","3"
"Cell2086","2"
"Cell2087","1"
"Cell2088","4"
"Cell2089","1"
"Cell2090","5"
"Cell2091","1"
"Cell2092","1"
"Cell2093","1"
"Cell2094","4"
"Cell2095","6"
"Cell2096","3"
"Cell2097","3"
"Cell2098","5"
"Cell2099","1"
"Cell2100","1"
"Cell2101","5"
"Cell2102","5"
"Cell2103","2"
"Cell2104","2"
"Cell2105","2"
"Cell2106","9"
"Cell2107","1"
"Cell2108","3"
"Cell2109","3"
"Cell2110","6"
"Cell2111","7"
"Cell2112","1"
"Cell2113","4"
"Cell2114","4"
"Cell2115","2"
"Cell2116","1"
"Cell2117","3"
"Cell2118","1"
"Cell2119","3"
"Cell2120","1"
"Cell2121","1"
"Cell2122","2"
"Cell2123","2"
"Cell2124","4"
"Cell2125","2"
"Cell2126","4"
"Cell2127","2"
"Cell2128","10"
"Cell2129","9"
"Cell2130","4"
"Cell2131","3"
"Cell2132","2"
"Cell2133","9"
"Cell2134","3"
"Cell2135","6"
"Cell2136","2"
"Cell2137","4"
"Cell2138","4"
"Cell2139","5"
"Cell2140","3"
"Cell2141","2"
"Cell2142","2"
"Cell2143","7"
"Cell2144","2"
"Cell2145","5"
"Cell2146","6"
"Cell2147","5"
"Cell2148","1"
"Cell2149","2"
"Cell2150","1"
"Cell2151","2"
"Cell2152","2"
"Cell2153","4"
"Cell2154","1"
"Cell2155","8"
"Cell2156","4"
"Cell2157","4"
"Cell2158","2"
"Cell2159","1"
"Cell2160","1"
"Cell2161","1"
"Cell2162","1"
"Cell2163","4"
"Cell2164","4"
"Cell2165","1"
"Cell2166","6"
"Cell2167","2"
"Cell2168","5"
"Cell2169","2"
"Cell2170","4"
"Cell2171","3"
"Cell2172","2"
"Cell2173","7"
"Cell2174","3"
"Cell2175","5"
"Cell2176","3"
"Cell2177","1"
"Cell2178","4"
"Cell2179","3"
"Cell2180","9"
"Cell2181","3"
"Cell2182","3"
"Cell2183","5"
"Cell2184","6"
"Cell2185","8"
"Cell2186","8"
"Cell2187","1"
"Cell2188","7"
"Cell2189","3"
"Cell2190","5"
"Cell2191","3"
"Cell2192","2"
"Cell2193","2"
"Cell2194","4"
"Cell2195","5"
"Cell2196","3"
"Cell2197","2"
"Cell2198","3"
"Cell2199","1"
"Cell2200","6"
"Cell2201","2"
"Cell2202","1"
"Cell2203","5"
"Cell2204","1"
"Cell2205","2"
"Cell2206","1"
"Cell2207","1"
"Cell2208","1"
"Cell2209","3"
"Cell2210","4"
"Cell2211","3"
"Cell2212","1"
"Cell2213","3"
"Cell2214","1"
"Cell2215","2"
"Cell2216","7"
"Cell2217","2"
"Cell2218","2"
"Cell2219","1"
"Cell2220","1"
"Cell2221","2"
"Cell2222","3"
"Cell2223","1"
"Cell2224","5"
"Cell2225","8"
"Cell2226","2"
"Cell2227","5"
"Cell2228","3"
"Cell2229","4"
"Cell2230","1"
"Cell2231","2"
"Cell2232","1"
"Cell2233","4"
"Cell2234","6"
"Cell2235","4"
"Cell2236","3"
"Cell2237","2"
"Cell2238","1"
"Cell2239","4"
"Cell2240","5"
"Cell2241","9"
"Cell2242","7"
"Cell2243","3"
"Cell2244","9"
"Cell2245","5"
"Cell2246","1"
"Cell2247","1"
"Cell2248","1"
"Cell2249","1"
"Cell2250","3"
"Cell2251","1"
"Cell2252","3"
"Cell2253","3"
"Cell2254","4"
"Cell2255","2"
"Cell2256","3"
"Cell2257","4"
"Cell2258","2"
"Cell2259","2"
"Cell2260","2"
"Cell2261","8"
"Cell2262","5"
"Cell2263","1"
"Cell2264","1"
"Cell2265","2"
"Cell2266","3"
"Cell2267","1"
"Cell2268","1"
"Cell2269","2"
"Cell2270","2"
"Cell2271","1"
"Cell2272","3"
"Cell2273","5"
"Cell2274","1"
"Cell2275","5"
"Cell2276","2"
"Cell2277","5"
"Cell2278","2"
"Cell2279","2"
"Cell2280","2"
"Cell2281","7"
"Cell2282","3"
"Cell2283","1"
"Cell2284","3"
"Cell2285","1"
"Cell2286","2"
"Cell2287","2"
"Cell2288","2"
"Cell2289","4"
"Cell2290","4"
"Cell2291","2"
"Cell2292","2"
"Cell2293","2"
"Cell2294","1"
"Cell2295","3"
"Cell2296","7"
"Cell2297","4"
"Cell2298","4"
"Cell2299","4"
"Cell2300","7"
"Cell2301","1"
"Cell2302","4"
"Cell2303","1"
"Cell2304","3"
"Cell2305","5"
"Cell2306","3"
"Cell2307","6"
"Cell2308","5"
"Cell2309","4"
"Cell2310","1"
"Cell2311","1"
"Cell2312","1"
"Cell2313","7"
"Cell2314","1"
"Cell2315","4"
"Cell2316","8"
"Cell2317","1"
"Cell2318","6"
"Cell2319","3"
"Cell2320","8"
"Cell2321","1"
"Cell2322","5"
"Cell2323","1"
"Cell2324","1"
"Cell2325","5"
"Cell2326","1"
"Cell2327","1"
"Cell2328","1"
"Cell2329","5"
"Cell2330","1"
"Cell2331","1"
"Cell2332","3"
"Cell2333","7"
"Cell2334","2"
"Cell2335","6"
"Cell2336","1"
"Cell2337","1"
"Cell2338","6"
"Cell2339","8"
"Cell2340","3"
"Cell2341","7"
"Cell2342","3"
"Cell2343","4"
"Cell2344","8"
"Cell2345","2"
"Cell2346","5"
"Cell2347","3"
"Cell2348","3"
"Cell2349","4"
"Cell2350","5"
"Cell2351","5"
"Cell2352","5"
"Cell2353","3"
"Cell2354","3"
"Cell2355","3"
"Cell2356","5"
"Cell2357","9"
"Cell2358","2"
"Cell2359","1"
"Cell2360","3"
"Cell2361","3"
"Cell2362","1"
"Cell2363","3"
"Cell2364","1"
"Cell2365","2"
"Cell2366","7"
"Cell2367","5"
"Cell2368","1"
"Cell2369","2"
"Cell2370","3"
"Cell2371","5"
"Cell2372","2"
"Cell2373","3"
"Cell2374","7"
"Cell2375","4"
"Cell2376","1"
"Cell2377","1"
"Cell2378","2"
"Cell2379","1"
"Cell2380","3"
"Cell2381","2"
"Cell2382","1"
"Cell2383","5"
"Cell2384","1"
"Cell2385","7"
"Cell2386","7"
"Cell2387","9"
"Cell2388","1"
"Cell2389","9"
"Cell2390","3"
"Cell2391","2"
"Cell2392","1"
"Cell2393","1"
"Cell2394","1"
"Cell2395","6"
"Cell2396","5"
"Cell2397","1"
"Cell2398","1"
"Cell2399","2"
"Cell2400","5"
"Cell2401","3"
"Cell2402","1"
"Cell2403","2"
"Cell2404","5"
"Cell2405","9"
"Cell2406","3"
"Cell2407","2"
"Cell2408","2"
"Cell2409","2"
"Cell2410","8"
"Cell2411","4"
"Cell2412","2"
"Cell2413","1"
"Cell2414","2"
"Cell2415","2"
"Cell2416","4"
"Cell2417","2"
"Cell2418","4"
"Cell2419","3"
"Cell2420","1"
"Cell2421","4"
"Cell2422","1"
"Cell2423","2"
"Cell2424","2"
"Cell2425","4"
"Cell2426","1"
"Cell2427","5"
"Cell2428","3"
"Cell2429","5"
"Cell2430","6"
"Cell2431","3"
"Cell2432","4"
"Cell2433","4"
"Cell2434","5"
"Cell2435","2"
"Cell2436","5"
"Cell2437","6"
"Cell2438","3"
"Cell2439","3"
"Cell2440","3"
"Cell2441","5"
"Cell2442","2"
"Cell2443","1"
"Cell2444","1"
"Cell2445","3"
"Cell2446","3"
"Cell2447","1"
"Cell2448","2"
"Cell2449","3"
"Cell2450","5"
"Cell2451","1"
"Cell2452","6"
"Cell2453","3"
"Cell2454","3"
"Cell2455","4"
"Cell2456","1"
"Cell2457","1"
"Cell2458","2"
"Cell2459","1"
"Cell2460","6"
"Cell2461","5"
"Cell2462","2"
"Cell2463","2"
"Cell2464","2"
"Cell2465","2"
"Cell2466","3"
"Cell2467","3"
"Cell2468","3"
"Cell2469","1"
"Cell2470","1"
"Cell2471","7"
"Cell2472","1"
"Cell2473","1"
"Cell2474","2"
"Cell2475","1"
"Cell2476","1"
"Cell2477","4"
"Cell2478","1"
"Cell2479","4"
"Cell2480","4"
"Cell2481","7"
"Cell2482","3"
"Cell2483","4"
"Cell2484","3"
"Cell2485","1"
"Cell2486","4"
"Cell2487","1"
"Cell2488","1"
"Cell2489","3"
"Cell2490","1"
"Cell2491","2"
"Cell2492","4"
"Cell2493","7"
"Cell2494","4"
"Cell2495","5"
"Cell2496","2"
"Cell2497","1"
"Cell2498","3"
"Cell2499","3"
"Cell2500","5"
"Cell2501","2"
"Cell2502","5"
"Cell2503","4"
"Cell2504","2"
"Cell2505","2"
"Cell2506","6"
"Cell2507","4"
"Cell2508","2"
"Cell2509","5"
"Cell2510","4"
"Cell2511","3"
"Cell2512","2"
"Cell2513","5"
"Cell2514","4"
"Cell2515","2"
"Cell2516","5"
"Cell2517","9"
"Cell2518","7"
"Cell2519","1"
"Cell2520","2"
"Cell2521","3"
"Cell2522","2"
"Cell2523","1"
"Cell2524","1"
"Cell2525","1"
"Cell2526","6"
"Cell2527","1"
"Cell2528","1"
"Cell2529","6"
"Cell2530","1"
"Cell2531","1"
"Cell2532","2"
"Cell2533","1"
"Cell2534","1"
"Cell2535","1"
"Cell2536","5"
"Cell2537","2"
"Cell2538","1"
"Cell2539","5"
"Cell2540","2"
"Cell2541","3"
"Cell2542","4"
"Cell2543","9"
"Cell2544","4"
"Cell2545","4"
"Cell2546","2"
"Cell2547","4"
"Cell2548","4"
"Cell2549","2"
"Cell2550","3"
"Cell2551","5"
"Cell2552","3"
"Cell2553","5"
"Cell2554","5"
"Cell2555","2"
"Cell2556","5"
"Cell2557","3"
"Cell2558","1"
"Cell2559","1"
"Cell2560","4"
"Cell2561","6"
"Cell2562","2"
"Cell2563","6"
"Cell2564","1"
"Cell2565","1"
"Cell2566","5"
"Cell2567","1"
"Cell2568","9"
"Cell2569","4"
"Cell2570","2"
"Cell2571","4"
"Cell2572","8"
"Cell2573","1"
"Cell2574","4"
"Cell2575","3"
"Cell2576","1"
"Cell2577","4"
"Cell2578","2"
"Cell2579","8"
"Cell2580","1"
"Cell2581","1"
"Cell2582","2"
"Cell2583","5"
"Cell2584","2"
"Cell2585","3"
"Cell2586","5"
"Cell2587","6"
"Cell2588","3"
"Cell2589","1"
"Cell2590","4"
"Cell2591","4"
"Cell2592","5"
"Cell2593","2"
"Cell2594","5"
"Cell2595","5"
"Cell2596","4"
"Cell2597","4"
"Cell2598","4"
"Cell2599","2"
"Cell2600","2"
"Cell2601","3"
"Cell2602","1"
"Cell2603","1"
"Cell2604","4"
"Cell2605","1"
"Cell2606","2"
"Cell2607","2"
"Cell2608","10"
"Cell2609","2"
"Cell2610","2"
"Cell2611","1"
"Cell2612","3"
"Cell2613","6"
"Cell2614","1"
"Cell2615","5"
"Cell2616","8"
"Cell2617","1"
"Cell2618","2"
"Cell2619","5"
"Cell2620","2"
"Cell2621","4"
"Cell2622","3"
"Cell2623","1"
"Cell2624","1"
"Cell2625","6"
"Cell2626","4"
"Cell2627","5"
"Cell2628","5"
"Cell2629","2"
"Cell2630","1"
"Cell2631","7"
"Cell2632","2"
"Cell2633","2"
"Cell2634","2"
"Cell2635","4"
"Cell2636","3"
"Cell2637","2"
"Cell2638","1"
"Cell2639","3"
"Cell2640","3"
"Cell2641","4"
"Cell2642","1"
"Cell2643","1"
"Cell2644","1"
"Cell2645","1"
"Cell2646","5"
"Cell2647","7"
"Cell2648","1"
"Cell2649","1"
"Cell2650","1"
"Cell2651","2"
"Cell2652","7"
"Cell2653","3"
"Cell2654","2"
"Cell2655","1"
"Cell2656","3"
"Cell2657","1"
"Cell2658","1"
"Cell2659","2"
"Cell2660","1"
"Cell2661","2"
"Cell2662","1"
"Cell2663","1"
"Cell2664","1"
"Cell2665","2"
"Cell2666","8"
"Cell2667","1"
"Cell2668","1"
"Cell2669","3"
"Cell2670","3"
"Cell2671","7"
"Cell2672","7"
"Cell2673","3"
"Cell2674","3"
"Cell2675","1"
"Cell2676","1"
"Cell2677","4"
"Cell2678","7"
"Cell2679","6"
"Cell2680","1"
"Cell2681","6"
"Cell2682","7"
"Cell2683","2"
"Cell2684","4"
"Cell2685","6"
"Cell2686","7"
"Cell2687","10"
"Cell2688","5"
"Cell2689","1"
"Cell2690","5"
"Cell2691","8"
"Cell2692","6"
"Cell2693","1"
"Cell2694","6"
"Cell2695","1"
"Cell2696","2"
"Cell2697","1"
"Cell2698","5"
"Cell2699","1"
"Cell2700","5"
"Cell2701","10"
"Cell2702","2"
"Cell2703","3"
"Cell2704","2"
"Cell2705","3"
"Cell2706","1"
"Cell2707","7"
"Cell2708","3"
"Cell2709","2"
"Cell2710","3"
"Cell2711","5"
"Cell2712","1"
"Cell2713","5"
"Cell2714","3"
"Cell2715","8"
"Cell2716","3"
"Cell2717","1"
"Cell2718","2"
"Cell2719","2"
"Cell2720","9"
"Cell2721","4"
"Cell2722","3"
"Cell2723","3"
"Cell2724","4"
"Cell2725","2"
"Cell2726","2"
"Cell2727","3"
"Cell2728","1"
"Cell2729","4"
"Cell2730","1"
"Cell2731","1"
"Cell2732","3"
"Cell2733","1"
"Cell2734","1"
"Cell2735","2"
"Cell2736","2"
"Cell2737","1"
"Cell2738","4"
"Cell2739","4"
"Cell2740","3"
"Cell2741","2"
"Cell2742","2"
"Cell2743","2"
"Cell2744","3"
"Cell2745","6"
"Cell2746","7"
"Cell2747","5"
"Cell2748","1"
"Cell2749","1"
"Cell2750","3"
"Cell2751","5"
"Cell2752","3"
"Cell2753","8"
"Cell2754","1"
"Cell2755","9"
"Cell2756","2"
"Cell2757","3"
"Cell2758","2"
"Cell2759","1"
"Cell2760","6"
"Cell2761","5"
"Cell2762","1"
"Cell2763","3"
"Cell2764","1"
"Cell2765","2"
"Cell2766","1"
"Cell2767","9"
"Cell2768","2"
"Cell2769","2"
"Cell2770","5"
"Cell2771","3"
"Cell2772","9"
"Cell2773","3"
"Cell2774","3"
"Cell2775","7"
"Cell2776","4"
"Cell2777","4"
"Cell2778","2"
"Cell2779","8"
"Cell2780","2"
"Cell2781","1"
"Cell2782","7"
"Cell2783","2"
"Cell2784","3"
"Cell2785","5"
"Cell2786","7"
"Cell2787","4"
"Cell2788","8"
"Cell2789","4"
"Cell2790","5"
"Cell2791","2"
"Cell2792","2"
"Cell2793","5"
"Cell2794","8"
"Cell2795","1"
"Cell2796","2"
"Cell2797","9"
"Cell2798","5"
"Cell2799","1"
"Cell2800","1"
"Cell2801","8"
"Cell2802","5"
"Cell2803","2"
"Cell2804","4"
"Cell2805","1"
"Cell2806","7"
"Cell2807","3"
"Cell2808","5"
"Cell2809","1"
"Cell2810","5"
"Cell2811","5"
"Cell2812","2"
"Cell2813","3"
"Cell2814","9"
"Cell2815","1"
"Cell2816","1"
"Cell2817","3"
"Cell2818","5"
"Cell2819","4"
"Cell2820","3"
"Cell2821","1"
"Cell2822","1"
"Cell2823","4"
"Cell2824","3"
"Cell2825","7"
"Cell2826","3"
"Cell2827","2"
"Cell2828","1"
"Cell2829","4"
"Cell2830","2"
"Cell2831","1"
"Cell2832","3"
"Cell2833","1"
"Cell2834","4"
"Cell2835","1"
"Cell2836","4"
"Cell2837","2"
"Cell2838","1"
"Cell2839","1"
"Cell2840","1"
"Cell2841","1"
"Cell2842","3"
"Cell2843","2"
"Cell2844","5"
"Cell2845","4"
"Cell2846","3"
"Cell2847","2"
"Cell2848","3"
"Cell2849","9"
"Cell2850","5"
"Cell2851","2"
"Cell2852","7"
"Cell2853","1"
"Cell2854","5"
"Cell2855","2"
"Cell2856","1"
"Cell2857","5"
"Cell2858","4"
"Cell2859","2"
"Cell2860","3"
"Cell2861","3"
"Cell2862","4"
"Cell2863","2"
"Cell2864","4"
"Cell2865","2"
"Cell2866","4"
"Cell2867","1"
"Cell2868","1"
"Cell2869","1"
"Cell2870","6"
"Cell2871","6"
"Cell2872","2"
"Cell2873","1"
"Cell2874","6"
"Cell2875","1"
"Cell2876","2"
"Cell2877","1"
"Cell2878","9"
"Cell2879","4"
"Cell2880","1"
"Cell2881","1"
"Cell2882","8"
"Cell2883","1"
"Cell2884","3"
"Cell2885","4"
"Cell2886","4"
"Cell2887","9"
"Cell2888","4"
"Cell2889","1"
"Cell2890","1"
"Cell2891","2"
"Cell2892","1"
"Cell2893","2"
"Cell2894","1"
"Cell2895","2"
"Cell2896","2"
"Cell2897","1"
"Cell2898","2"
"Cell2899","4"
"Cell2900","1"
"Cell2901","6"
"Cell2902","8"
"Cell2903","6"
"Cell2904","2"
"Cell2905","4"
"Cell2906","3"
"Cell2907","2"
"Cell2908","3"
"Cell2909","1"
"Cell2910","1"
"Cell2911","2"
"Cell2912","5"
"Cell2913","1"
"Cell2914","3"
"Cell2915","3"
"Cell2916","1"
"Cell2917","4"
"Cell2918","4"
"Cell2919","3"
"Cell2920","2"
"Cell2921","5"
"Cell2922","3"
"Cell2923","4"
"Cell2924","2"
"Cell2925","4"
"Cell2926","6"
"Cell2927","2"
"Cell2928","8"
"Cell2929","2"
"Cell2930","1"
"Cell2931","3"
"Cell2932","8"
"Cell2933","3"
"Cell2934","4"
"Cell2935","1"
"Cell2936","1"
"Cell2937","1"
"Cell2938","7"
"Cell2939","5"
"Cell2940","1"
"Cell2941","8"
"Cell2942","1"
"Cell2943","5"
"Cell2944","2"
"Cell2945","5"
"Cell2946","9"
"Cell2947","2"
"Cell2948","1"
"Cell2949","2"
"Cell2950","1"
"Cell2951","2"
"Cell2952","5"
"Cell2953","3"
"Cell2954","6"
"Cell2955","4"
"Cell2956","2"
"Cell2957","7"
"Cell2958","1"
"Cell2959","2"
"Cell2960","5"
"Cell2961","7"
"Cell2962","1"
"Cell2963","4"
"Cell2964","9"
"Cell2965","4"
"Cell2966","7"
"Cell2967","8"
"Cell2968","6"
"Cell2969","3"
"Cell2970","1"
"Cell2971","2"
"Cell2972","2"
"Cell2973","4"
"Cell2974","1"
"Cell2975","5"
"Cell2976","1"
"Cell2977","5"
"Cell2978","4"
"Cell2979","9"
"Cell2980","2"
"Cell2981","5"
"Cell2982","5"
"Cell2983","2"
"Cell2984","2"
"Cell2985","1"
"Cell2986","6"
"Cell2987","1"
"Cell2988","4"
"Cell2989","8"
"Cell2990","2"
"Cell2991","4"
"Cell2992","6"
"Cell2993","1"
"Cell2994","1"
"Cell2995","9"
"Cell2996","5"
"Cell2997","4"
"Cell2998","1"
"Cell2999","2"
"Cell3000","2"
"Cell3001","1"
"Cell3002","1"
"Cell3003","4"
"Cell3004","1"
"Cell3005","1"
"Cell3006","2"
"Cell3007","5"
"Cell3008","2"
"Cell3009","4"
"Cell3010","2"
"Cell3011","8"
"Cell3012","1"
"Cell3013","4"
"Cell3014","1"
"Cell3015","3"
"Cell3016","4"
"Cell3017","1"
"Cell3018","3"
"Cell3019","10"
"Cell3020","1"
"Cell3021","9"
"Cell3022","2"
"Cell3023","1"
"Cell3024","2"
"Cell3025","1"
"Cell3026","1"
"Cell3027","1"
"Cell3028","1"
"Cell3029","7"
"Cell3030","2"
"Cell3031","2"
"Cell3032","1"
"Cell3033","5"
"Cell3034","1"
"Cell3035","6"
"Cell3036","1"
"Cell3037","4"
"Cell3038","2"
"Cell3039","5"
"Cell3040","5"
"Cell3041","8"
"Cell3042","1"
"Cell3043","5"
"Cell3044","2"
"Cell3045","2"
"Cell3046","9"
"Cell3047","1"
"Cell3048","5"
"Cell3049","2"
"Cell3050","2"
"Cell3051","4"
"Cell3052","3"
"Cell3053","9"
"Cell3054","5"
"Cell3055","7"
"Cell3056","1"
"Cell3057","2"
"Cell3058","2"
"Cell3059","6"
"Cell3060","3"
"Cell3061","1"
"Cell3062","4"
"Cell3063","3"
"Cell3064","1"
"Cell3065","3"
"Cell3066","6"
"Cell3067","10"
"Cell3068","3"
"Cell3069","4"
"Cell3070","2"
"Cell3071","7"
"Cell3072","6"
"Cell3073","3"
"Cell3074","3"
"Cell3075","8"
"Cell3076","3"
"Cell3077","1"
"Cell3078","3"
"Cell3079","1"
"Cell3080","2"
"Cell3081","1"
"Cell3082","5"
"Cell3083","2"
"Cell3084","1"
"Cell3085","1"
"Cell3086","2"
"Cell3087","1"
"Cell3088","6"
"Cell3089","1"
"Cell3090","6"
"Cell3091","8"
"Cell3092","1"
"Cell3093","5"
"Cell3094","3"
"Cell3095","1"
"Cell3096","4"
"Cell3097","2"
"Cell3098","9"
"Cell3099","1"
"Cell3100","8"
"Cell3101","3"
"Cell3102","7"
"Cell3103","1"
"Cell3104","2"
"Cell3105","4"
"Cell3106","5"
"Cell3107","6"
"Cell3108","2"
"Cell3109","8"
"Cell3110","4"
"Cell3111","5"
"Cell3112","5"
"Cell3113","2"
"Cell3114","1"
"Cell3115","2"
"Cell3116","7"
"Cell3117","3"
"Cell3118","1"
"Cell3119","3"
"Cell3120","3"
"Cell3121","7"
"Cell3122","4"
"Cell3123","1"
"Cell3124","1"
"Cell3125","8"
"Cell3126","2"
"Cell3127","5"
"Cell3128","4"
"Cell3129","3"
"Cell3130","8"
"Cell3131","1"
"Cell3132","6"
"Cell3133","2"
"Cell3134","1"
"Cell3135","1"
"Cell3136","5"
"Cell3137","5"
"Cell3138","2"
"Cell3139","4"
"Cell3140","5"
"Cell3141","1"
"Cell3142","4"
"Cell3143","3"
"Cell3144","4"
"Cell3145","4"
"Cell3146","7"
"Cell3147","3"
"Cell3148","5"
"Cell3149","3"
"Cell3150","1"
"Cell3151","5"
"Cell3152","8"
"Cell3153","3"
"Cell3154","1"
"Cell3155","7"
"Cell3156","9"
"Cell3157","3"
"Cell3158","1"
"Cell3159","3"
"Cell3160","2"
"Cell3161","8"
"Cell3162","8"
"Cell3163","5"
"Cell3164","1"
"Cell3165","1"
"Cell3166","1"
"Cell3167","5"
"Cell3168","3"
"Cell3169","3"
"Cell3170","2"
"Cell3171","6"
"Cell3172","3"
"Cell3173","4"
"Cell3174","3"
"Cell3175","2"
"Cell3176","1"
"Cell3177","4"
"Cell3178","1"
"Cell3179","5"
"Cell3180","1"
"Cell3181","1"
"Cell3182","3"
"Cell3183","5"
"Cell3184","10"
"Cell3185","1"
"Cell3186","3"
"Cell3187","3"
"Cell3188","2"
"Cell3189","1"
"Cell3190","2"
"Cell3191","2"
"Cell3192","6"
"Cell3193","5"
"Cell3194","1"
"Cell3195","10"
"Cell3196","4"
"Cell3197","2"
"Cell3198","4"
"Cell3199","1"
"Cell3200","4"
"Cell3201","1"
"Cell3202","3"
"Cell3203","3"
"Cell3204","5"
"Cell3205","1"
"Cell3206","2"
"Cell3207","1"
"Cell3208","2"
"Cell3209","3"
"Cell3210","7"
"Cell3211","1"
"Cell3212","4"
"Cell3213","1"
"Cell3214","1"
"Cell3215","5"
"Cell3216","6"
"Cell3217","2"
"Cell3218","5"
"Cell3219","5"
"Cell3220","1"
"Cell3221","1"
"Cell3222","9"
"Cell3223","1"
"Cell3224","5"
"Cell3225","3"
"Cell3226","4"
"Cell3227","6"
"Cell3228","1"
"Cell3229","4"
"Cell3230","1"
"Cell3231","1"
"Cell3232","4"
"Cell3233","1"
"Cell3234","5"
"Cell3235","2"
"Cell3236","5"
"Cell3237","1"
"Cell3238","1"
"Cell3239","2"
"Cell3240","6"
"Cell3241","4"
"Cell3242","1"
"Cell3243","4"
"Cell3244","1"
"Cell3245","3"
"Cell3246","6"
"Cell3247","4"
"Cell3248","1"
"Cell3249","1"
"Cell3250","4"
"Cell3251","5"
"Cell3252","6"
"Cell3253","1"
"Cell3254","6"
"Cell3255","1"
"Cell3256","2"
"Cell3257","3"
"Cell3258","3"
"Cell3259","1"
"Cell3260","3"
"Cell3261","4"
"Cell3262","4"
"Cell3263","2"
"Cell3264","3"
"Cell3265","5"
"Cell3266","5"
"Cell3267","5"
"Cell3268","1"
"Cell3269","4"
"Cell3270","2"
"Cell3271","3"
"Cell3272","3"
"Cell3273","1"
"Cell3274","4"
"Cell3275","1"
"Cell3276","1"
"Cell3277","7"
"Cell3278","9"
"Cell3279","1"
"Cell3280","1"
"Cell3281","5"
"Cell3282","6"
"Cell3283","2"
"Cell3284","9"
"Cell3285","5"
"Cell3286","1"
"Cell3287","3"
"Cell3288","8"
"Cell3289","7"
"Cell3290","1"
"Cell3291","3"
"Cell3292","9"
"Cell3293","5"
"Cell3294","3"
"Cell3295","1"
"Cell3296","2"
"Cell3297","4"
"Cell3298","8"
"Cell3299","4"
"Cell3300","1"
"Cell3301","6"
"Cell3302","5"
"Cell3303","6"
"Cell3304","1"
"Cell3305","4"
"Cell3306","2"
"Cell3307","1"
"Cell3308","1"
"Cell3309","2"
"Cell3310","4"
"Cell3311","1"
"Cell3312","1"
"Cell3313","1"
"Cell3314","3"
"Cell3315","1"
"Cell3316","1"
"Cell3317","2"
"Cell3318","2"
"Cell3319","2"
"Cell3320","7"
"Cell3321","1"
"Cell3322","2"
"Cell3323","1"
"Cell3324","2"
"Cell3325","4"
"Cell3326","4"
"Cell3327","4"
"Cell3328","2"
"Cell3329","1"
"Cell3330","2"
"Cell3331","2"
"Cell3332","2"
"Cell3333","6"
"Cell3334","3"
"Cell3335","3"
"Cell3336","5"
"Cell3337","1"
"Cell3338","1"
"Cell3339","4"
"Cell3340","8"
"Cell3341","10"
"Cell3342","4"
"Cell3343","4"
"Cell3344","6"
"Cell3345","8"
"Cell3346","2"
"Cell3347","1"
"Cell3348","1"
"Cell3349","2"
"Cell3350","2"
"Cell3351","2"
"Cell3352","4"
"Cell3353","4"
"Cell3354","3"
"Cell3355","1"
"Cell3356","1"
"Cell3357","4"
"Cell3358","3"
"Cell3359","2"
"Cell3360","2"
"Cell3361","1"
"Cell3362","2"
"Cell3363","1"
"Cell3364","4"
"Cell3365","5"
"Cell3366","8"
"Cell3367","3"
"Cell3368","3"
"Cell3369","2"
"Cell3370","2"
"Cell3371","9"
"Cell3372","9"
"Cell3373","1"
"Cell3374","1"
"Cell3375","1"
"Cell3376","3"
"Cell3377","3"
"Cell3378","4"
"Cell3379","2"
"Cell3380","1"
"Cell3381","4"
"Cell3382","2"
"Cell3383","3"
"Cell3384","1"
"Cell3385","2"
"Cell3386","5"
"Cell3387","1"
"Cell3388","1"
"Cell3389","1"
"Cell3390","8"
"Cell3391","3"
"Cell3392","4"
"Cell3393","6"
"Cell3394","3"
"Cell3395","1"
"Cell3396","1"
"Cell3397","2"
"Cell3398","2"
"Cell3399","4"
"Cell3400","6"
"Cell3401","2"
"Cell3402","2"
"Cell3403","1"
"Cell3404","6"
"Cell3405","5"
"Cell3406","4"
"Cell3407","2"
"Cell3408","2"
"Cell3409","5"
"Cell3410","2"
"Cell3411","1"
"Cell3412","1"
"Cell3413","1"
"Cell3414","1"
"Cell3415","1"
"Cell3416","1"
"Cell3417","4"
"Cell3418","1"
"Cell3419","2"
"Cell3420","5"
"Cell3421","1"
"Cell3422","5"
"Cell3423","2"
"Cell3424","2"
"Cell3425","2"
"Cell3426","3"
"Cell3427","1"
"Cell3428","3"
"Cell3429","5"
"Cell3430","4"
"Cell3431","5"
"Cell3432","2"
"Cell3433","1"
"Cell3434","2"
"Cell3435","7"
"Cell3436","1"
"Cell3437","5"
"Cell3438","1"
"Cell3439","5"
"Cell3440","4"
"Cell3441","3"
"Cell3442","1"
"Cell3443","3"
"Cell3444","3"
"Cell3445","2"
"Cell3446","4"
"Cell3447","1"
"Cell3448","4"
"Cell3449","3"
"Cell3450","2"
"Cell3451","4"
"Cell3452","6"
"Cell3453","1"
"Cell3454","5"
"Cell3455","2"
"Cell3456","2"
"Cell3457","2"
"Cell3458","3"
"Cell3459","8"
"Cell3460","3"
"Cell3461","1"
"Cell3462","1"
"Cell3463","4"
"Cell3464","3"
"Cell3465","1"
"Cell3466","1"
"Cell3467","1"
"Cell3468","2"
"Cell3469","1"
"Cell3470","6"
"Cell3471","3"
"Cell3472","1"
"Cell3473","1"
"Cell3474","7"
"Cell3475","5"
"Cell3476","4"
"Cell3477","7"
"Cell3478","1"
"Cell3479","1"
"Cell3480","1"
"Cell3481","5"
"Cell3482","7"
"Cell3483","4"
"Cell3484","1"
"Cell3485","3"
"Cell3486","6"
"Cell3487","1"
"Cell3488","4"
"Cell3489","1"
"Cell3490","4"
"Cell3491","1"
"Cell3492","3"
"Cell3493","2"
"Cell3494","9"
"Cell3495","2"
"Cell3496","7"
"Cell3497","1"
"Cell3498","1"
"Cell3499","1"
"Cell3500","4"
"Cell3501","5"
"Cell3502","3"
"Cell3503","6"
"Cell3504","2"
"Cell3505","3"
"Cell3506","1"
"Cell3507","3"
"Cell3508","1"
"Cell3509","1"
"Cell3510","3"
"Cell3511","1"
"Cell3512","4"
"Cell3513","1"
"Cell3514","8"
"Cell3515","1"
"Cell3516","1"
"Cell3517","9"
"Cell3518","1"
"Cell3519","5"
"Cell3520","4"
"Cell3521","2"
"Cell3522","1"
"Cell3523","2"
"Cell3524","2"
"Cell3525","2"
"Cell3526","3"
"Cell3527","3"
"Cell3528","4"
"Cell3529","3"
"Cell3530","1"
"Cell3531","8"
"Cell3532","1"
"Cell3533","8"
"Cell3534","2"
"Cell3535","4"
"Cell3536","5"
"Cell3537","1"
"Cell3538","1"
"Cell3539","8"
"Cell3540","1"
"Cell3541","1"
"Cell3542","1"
"Cell3543","2"
"Cell3544","1"
"Cell3545","5"
"Cell3546","1"
"Cell3547","5"
"Cell3548","3"
"Cell3549","3"
"Cell3550","3"
"Cell3551","1"
"Cell3552","2"
"Cell3553","2"
"Cell3554","1"
"Cell3555","4"
"Cell3556","5"
"Cell3557","1"
"Cell3558","2"
"Cell3559","2"
"Cell3560","1"
"Cell3561","2"
"Cell3562","2"
"Cell3563","8"
"Cell3564","5"
"Cell3565","4"
"Cell3566","6"
"Cell3567","9"
"Cell3568","1"
"Cell3569","1"
"Cell3570","1"
"Cell3571","1"
"Cell3572","1"
"Cell3573","1"
"Cell3574","4"
"Cell3575","1"
"Cell3576","5"
"Cell3577","5"
"Cell3578","7"
"Cell3579","2"
"Cell3580","1"
"Cell3581","9"
"Cell3582","7"
"Cell3583","1"
"Cell3584","4"
"Cell3585","1"
"Cell3586","4"
"Cell3587","6"
"Cell3588","4"
"Cell3589","6"
"Cell3590","2"
"Cell3591","3"
"Cell3592","4"
"Cell3593","1"
"Cell3594","7"
"Cell3595","4"
"Cell3596","3"
"Cell3597","2"
"Cell3598","5"
"Cell3599","5"
"Cell3600","3"
"Cell3601","5"
"Cell3602","2"
"Cell3603","1"
"Cell3604","4"
"Cell3605","5"
"Cell3606","1"
"Cell3607","3"
"Cell3608","3"
"Cell3609","7"
"Cell3610","1"
"Cell3611","2"
"Cell3612","2"
"Cell3613","2"
"Cell3614","6"
"Cell3615","1"
"Cell3616","6"
"Cell3617","3"
"Cell3618","3"
"Cell3619","2"
"Cell3620","3"
"Cell3621","1"
"Cell3622","1"
"Cell3623","4"
"Cell3624","1"
"Cell3625","5"
"Cell3626","5"
"Cell3627","2"
"Cell3628","1"
"Cell3629","4"
"Cell3630","3"
"Cell3631","10"
"Cell3632","5"
"Cell3633","5"
"Cell3634","4"
"Cell3635","1"
"Cell3636","6"
"Cell3637","2"
"Cell3638","4"
"Cell3639","1"
"Cell3640","2"
"Cell3641","1"
"Cell3642","1"
"Cell3643","5"
"Cell3644","1"
"Cell3645","8"
"Cell3646","2"
"Cell3647","4"
"Cell3648","1"
"Cell3649","3"
"Cell3650","5"
"Cell3651","1"
"Cell3652","3"
"Cell3653","2"
"Cell3654","2"
"Cell3655","1"
"Cell3656","1"
"Cell3657","7"
"Cell3658","7"
"Cell3659","6"
"Cell3660","2"
"Cell3661","2"
"Cell3662","4"
"Cell3663","1"
"Cell3664","8"
"Cell3665","6"
"Cell3666","5"
"Cell3667","4"
"Cell3668","1"
"Cell3669","5"
"Cell3670","9"
"Cell3671","1"
"Cell3672","5"
"Cell3673","3"
"Cell3674","2"
"Cell3675","7"
"Cell3676","1"
"Cell3677","5"
"Cell3678","1"
"Cell3679","2"
"Cell3680","5"
"Cell3681","2"
"Cell3682","7"
"Cell3683","7"
"Cell3684","7"
"Cell3685","1"
"Cell3686","5"
"Cell3687","4"
"Cell3688","1"
"Cell3689","2"
"Cell3690","5"
"Cell3691","5"
"Cell3692","4"
"Cell3693","1"
"Cell3694","2"
"Cell3695","2"
"Cell3696","2"
"Cell3697","1"
"Cell3698","1"
"Cell3699","5"
"Cell3700","2"
"Cell3701","1"
"Cell3702","2"
"Cell3703","5"
"Cell3704","3"
"Cell3705","7"
"Cell3706","2"
"Cell3707","1"
"Cell3708","4"
"Cell3709","4"
"Cell3710","2"
"Cell3711","10"
"Cell3712","7"
"Cell3713","1"
"Cell3714","9"
"Cell3715","5"
"Cell3716","9"
"Cell3717","5"
"Cell3718","2"
"Cell3719","2"
"Cell3720","7"
"Cell3721","1"
"Cell3722","1"
"Cell3723","3"
"Cell3724","2"
"Cell3725","3"
"Cell3726","1"
"Cell3727","2"
"Cell3728","3"
"Cell3729","1"
"Cell3730","8"
"Cell3731","4"
"Cell3732","3"
"Cell3733","7"
"Cell3734","1"
"Cell3735","5"
"Cell3736","9"
"Cell3737","4"
"Cell3738","3"
"Cell3739","2"
"Cell3740","1"
"Cell3741","3"
"Cell3742","9"
"Cell3743","4"
"Cell3744","1"
"Cell3745","5"
"Cell3746","5"
"Cell3747","4"
"Cell3748","3"
"Cell3749","2"
"Cell3750","2"
"Cell3751","7"
"Cell3752","3"
"Cell3753","1"
"Cell3754","9"
"Cell3755","2"
"Cell3756","6"
"Cell3757","1"
"Cell3758","6"
"Cell3759","1"
"Cell3760","2"
"Cell3761","7"
"Cell3762","2"
"Cell3763","2"
"Cell3764","3"
"Cell3765","9"
"Cell3766","2"
"Cell3767","2"
"Cell3768","2"
"Cell3769","1"
"Cell3770","8"
"Cell3771","5"
"Cell3772","1"
"Cell3773","4"
"Cell3774","4"
"Cell3775","1"
"Cell3776","3"
"Cell3777","4"
"Cell3778","2"
"Cell3779","4"
"Cell3780","3"
"Cell3781","2"
"Cell3782","5"
"Cell3783","2"
"Cell3784","1"
"Cell3785","3"
"Cell3786","4"
"Cell3787","1"
"Cell3788","2"
"Cell3789","4"
"Cell3790","1"
"Cell3791","1"
"Cell3792","4"
"Cell3793","2"
"Cell3794","1"
"Cell3795","7"
"Cell3796","5"
"Cell3797","2"
"Cell3798","3"
"Cell3799","1"
"Cell3800","1"
"Cell3801","1"
"Cell3802","3"
"Cell3803","2"
"Cell3804","5"
"Cell3805","1"
"Cell3806","6"
"Cell3807","1"
"Cell3808","7"
"Cell3809","2"
"Cell3810","4"
"Cell3811","2"
"Cell3812","1"
"Cell3813","5"
"Cell3814","3"
"Cell3815","5"
"Cell3816","3"
"Cell3817","4"
"Cell3818","5"
"Cell3819","2"
"Cell3820","10"
"Cell3821","2"
"Cell3822","1"
"Cell3823","1"
"Cell3824","4"
"Cell3825","2"
"Cell3826","2"
"Cell3827","1"
"Cell3828","1"
"Cell3829","4"
"Cell3830","8"
"Cell3831","1"
"Cell3832","4"
"Cell3833","1"
"Cell3834","5"
"Cell3835","3"
"Cell3836","6"
"Cell3837","1"
"Cell3838","5"
"Cell3839","7"
"Cell3840","1"
"Cell3841","9"
"Cell3842","5"
"Cell3843","5"
"Cell3844","4"
"Cell3845","3"
"Cell3846","2"
"Cell3847","2"
"Cell3848","1"
"Cell3849","5"
"Cell3850","7"
"Cell3851","1"
"Cell3852","2"
"Cell3853","2"
"Cell3854","1"
"Cell3855","1"
"Cell3856","2"
"Cell3857","2"
"Cell3858","1"
"Cell3859","1"
"Cell3860","1"
"Cell3861","9"
"Cell3862","8"
"Cell3863","9"
"Cell3864","2"
"Cell3865","9"
"Cell3866","2"
"Cell3867","2"
"Cell3868","1"
"Cell3869","4"
"Cell3870","1"
"Cell3871","5"
"Cell3872","4"
"Cell3873","1"
"Cell3874","1"
"Cell3875","1"
"Cell3876","2"
"Cell3877","4"
"Cell3878","5"
"Cell3879","1"
"Cell3880","2"
"Cell3881","4"
"Cell3882","5"
"Cell3883","4"
"Cell3884","3"
"Cell3885","1"
"Cell3886","2"
"Cell3887","3"
"Cell3888","5"
"Cell3889","6"
"Cell3890","4"
"Cell3891","1"
"Cell3892","2"
"Cell3893","5"
"Cell3894","2"
"Cell3895","1"
"Cell3896","7"
"Cell3897","1"
"Cell3898","2"
"Cell3899","4"
"Cell3900","5"
"Cell3901","5"
"Cell3902","2"
"Cell3903","1"
"Cell3904","2"
"Cell3905","1"
"Cell3906","1"
"Cell3907","1"
"Cell3908","2"
"Cell3909","2"
"Cell3910","1"
"Cell3911","1"
"Cell3912","6"
"Cell3913","6"
"Cell3914","5"
"Cell3915","1"
"Cell3916","1"
"Cell3917","2"
"Cell3918","1"
"Cell3919","5"
"Cell3920","1"
"Cell3921","7"
"Cell3922","2"
"Cell3923","6"
"Cell3924","3"
"Cell3925","2"
"Cell3926","2"
"Cell3927","5"
"Cell3928","1"
"Cell3929","3"
"Cell3930","6"
"Cell3931","4"
"Cell3932","3"
"Cell3933","1"
"Cell3934","4"
"Cell3935","5"
"Cell3936","2"
"Cell3937","4"
"Cell3938","3"
"Cell3939","1"
"Cell3940","9"
"Cell3941","1"
"Cell3942","3"
"Cell3943","1"
"Cell3944","2"
"Cell3945","5"
"Cell3946","2"
"Cell3947","2"
"Cell3948","2"
"Cell3949","1"
"Cell3950","5"
"Cell3951","2"
"Cell3952","5"
"Cell3953","6"
"Cell3954","7"
"Cell3955","8"
"Cell3956","7"
"Cell3957","3"
"Cell3958","8"
"Cell3959","3"
"Cell3960","4"
"Cell3961","1"
"Cell3962","5"
"Cell3963","8"
"Cell3964","7"
"Cell3965","5"
"Cell3966","3"
"Cell3967","2"
"Cell3968","2"
"Cell3969","5"
"Cell3970","9"
"Cell3971","6"
"Cell3972","3"
"Cell3973","2"
"Cell3974","6"
"Cell3975","3"
"Cell3976","2"
"Cell3977","1"
"Cell3978","1"
"Cell3979","6"
"Cell3980","8"
"Cell3981","1"
"Cell3982","2"
"Cell3983","9"
"Cell3984","1"
"Cell3985","4"
"Cell3986","2"
"Cell3987","5"
"Cell3988","1"
"Cell3989","4"
"Cell3990","1"
"Cell3991","1"
"Cell3992","4"
"Cell3993","3"
"Cell3994","1"
"Cell3995","4"
"Cell3996","1"
"Cell3997","3"
"Cell3998","5"
"Cell3999","6"
"Cell4000","3"
"Cell4001","2"
"Cell4002","3"
"Cell4003","3"
"Cell4004","4"
"Cell4005","8"
"Cell4006","2"
"Cell4007","2"
"Cell4008","6"
"Cell4009","2"
"Cell4010","3"
"Cell4011","4"
"Cell4012","4"
"Cell4013","5"
"Cell4014","1"
"Cell4015","1"
"Cell4016","5"
"Cell4017","1"
"Cell4018","7"
"Cell4019","4"
"Cell4020","4"
"Cell4021","2"
"Cell4022","4"
"Cell4023","2"
"Cell4024","1"
"Cell4025","1"
"Cell4026","2"
"Cell4027","2"
"Cell4028","3"
"Cell4029","1"
"Cell4030","4"
"Cell4031","5"
"Cell4032","4"
"Cell4033","4"
"Cell4034","7"
"Cell4035","5"
"Cell4036","1"
"Cell4037","6"
"Cell4038","6"
"Cell4039","2"
"Cell4040","8"
"Cell4041","5"
"Cell4042","2"
"Cell4043","2"
"Cell4044","3"
"Cell4045","4"
"Cell4046","1"
"Cell4047","5"
"Cell4048","3"
"Cell4049","4"
"Cell4050","7"
"Cell4051","5"
"Cell4052","9"
"Cell4053","8"
"Cell4054","6"
"Cell4055","3"
"Cell4056","1"
"Cell4057","4"
"Cell4058","2"
"Cell4059","4"
"Cell4060","4"
"Cell4061","5"
"Cell4062","2"
"Cell4063","3"
"Cell4064","2"
"Cell4065","2"
"Cell4066","2"
"Cell4067","2"
"Cell4068","3"
"Cell4069","1"
"Cell4070","1"
"Cell4071","2"
"Cell4072","1"
"Cell4073","4"
"Cell4074","4"
"Cell4075","2"
"Cell4076","6"
"Cell4077","2"
"Cell4078","2"
"Cell4079","1"
"Cell4080","2"
"Cell4081","3"
"Cell4082","1"
"Cell4083","5"
"Cell4084","1"
"Cell4085","3"
"Cell4086","3"
"Cell4087","2"
"Cell4088","4"
"Cell4089","3"
"Cell4090","1"
"Cell4091","2"
"Cell4092","4"
"Cell4093","1"
"Cell4094","6"
"Cell4095","7"
"Cell4096","1"
"Cell4097","5"
"Cell4098","4"
"Cell4099","9"
"Cell4100","1"
"Cell4101","1"
"Cell4102","3"
"Cell4103","1"
"Cell4104","4"
"Cell4105","5"
"Cell4106","9"
"Cell4107","3"
"Cell4108","1"
"Cell4109","3"
"Cell4110","4"
"Cell4111","2"
"Cell4112","4"
"Cell4113","7"
"Cell4114","2"
"Cell4115","3"
"Cell4116","1"
"Cell4117","7"
"Cell4118","1"
"Cell4119","4"
"Cell4120","2"
"Cell4121","3"
"Cell4122","3"
"Cell4123","6"
"Cell4124","3"
"Cell4125","3"
"Cell4126","2"
"Cell4127","5"
"Cell4128","1"
"Cell4129","3"
"Cell4130","1"
"Cell4131","4"
"Cell4132","2"
"Cell4133","1"
"Cell4134","5"
"Cell4135","2"
"Cell4136","4"
"Cell4137","2"
"Cell4138","3"
"Cell4139","4"
"Cell4140","5"
"Cell4141","3"
"Cell4142","2"
"Cell4143","1"
"Cell4144","2"
"Cell4145","3"
"Cell4146","3"
"Cell4147","4"
"Cell4148","2"
"Cell4149","4"
"Cell4150","1"
"Cell4151","9"
"Cell4152","4"
"Cell4153","3"
"Cell4154","2"
"Cell4155","8"
"Cell4156","4"
"Cell4157","2"
"Cell4158","5"
"Cell4159","2"
"Cell4160","1"
"Cell4161","2"
"Cell4162","1"
"Cell4163","4"
"Cell4164","7"
"Cell4165","4"
"Cell4166","5"
"Cell4167","1"
"Cell4168","4"
"Cell4169","1"
"Cell4170","5"
"Cell4171","3"
"Cell4172","1"
"Cell4173","2"
"Cell4174","1"
"Cell4175","4"
"Cell4176","4"
"Cell4177","6"
"Cell4178","2"
"Cell4179","4"
"Cell4180","5"
"Cell4181","3"
"Cell4182","2"
